model,n,top_A,top_B,top_C,avg_length_chars,avg_length_ratio_to_source_words,avg_number_preservation,avg_entity_preservation,avg_term_coverage,avg_semantic_similarity_proxy,avg_fluency_proxy
anthropic__claude-sonnet-4.6,200,49,84,67,478.32,0.646349,0.909927,0.97269,0.920333,0.921928,0.777532
deepseek__deepseek-v4-flash,200,74,75,51,481.88,0.653534,0.911593,0.97269,0.916833,0.921218,0.778799
google__gemini-3-flash-preview,200,47,77,76,478.835,0.646314,0.909927,0.97269,0.917667,0.921206,0.778056
moonshotai__kimi-k2.5,200,71,72,57,474.555,0.640466,0.90326,0.97269,0.911167,0.917616,0.77854
openai__gpt-5.2,200,47,78,75,480.045,0.645783,0.911593,0.97269,0.920333,0.922957,0.780975
