model,n,top_A,top_B,top_C,avg_forward_entailment,avg_forward_neutral,avg_forward_contradiction,avg_backward_entailment,avg_backward_neutral,avg_backward_contradiction,avg_bidirectional_entailment,avg_nli_boundary_risk,avg_nli_omission_risk,avg_nli_contradiction_risk,avg_semantic_fidelity_score
anthropic__claude-sonnet-4.6,200,49,84,67,0.959292,0.040089,0.000619,0.993968,0.005759,0.000273,0.957594,0.040708,0.006032,0.000657,0.975973
deepseek__deepseek-v4-flash,200,74,75,51,0.975102,0.024275,0.000623,0.993925,0.005788,0.000287,0.972724,0.024898,0.006075,0.000681,0.983833
google__gemini-3-flash-preview,200,47,77,76,0.944839,0.054389,0.000772,0.991813,0.005884,0.002303,0.941777,0.055161,0.008187,0.002739,0.965587
moonshotai__kimi-k2.5,200,71,72,57,0.949207,0.049711,0.001082,0.992391,0.005858,0.001752,0.946318,0.050793,0.007609,0.002314,0.968484
openai__gpt-5.2,200,47,78,75,0.964506,0.034803,0.000691,0.99397,0.005753,0.000277,0.962787,0.035494,0.00603,0.000734,0.978503
