{
  "zh": {
    "clause_count": {
      "n": 5000.0,
      "mean": 4.3734,
      "std": 2.201356954,
      "p05": 1.0,
      "median": 4.0,
      "p95": 8.0,
      "min": 1.0,
      "max": 16.0
    },
    "dependency_depth": {
      "n": 5000.0,
      "mean": 4.4052,
      "std": 1.151786855,
      "p05": 3.0,
      "median": 4.0,
      "p95": 6.0,
      "min": 2.0,
      "max": 9.0
    },
    "mean_dependency_distance": {
      "n": 5000.0,
      "mean": 3.833030958,
      "std": 1.065353292,
      "p05": 2.166667,
      "median": 3.761905,
      "p95": 5.7023157,
      "min": 1.333333,
      "max": 8.177778
    },
    "max_dependency_distance": {
      "n": 5000.0,
      "mean": 19.805,
      "std": 9.791066081,
      "p05": 6.0,
      "median": 18.0,
      "p95": 38.0,
      "min": 2.0,
      "max": 53.0
    },
    "normalized_dependency_distance": {
      "n": 5000.0,
      "mean": 0.157775832,
      "std": 0.046558308,
      "p05": 0.0979556,
      "median": 0.148789,
      "p95": 0.246914,
      "min": 0.068357,
      "max": 0.44898
    },
    "nominalization_ratio": {
      "n": 5000.0,
      "mean": 0.505775395,
      "std": 0.121065907,
      "p05": 0.3125,
      "median": 0.5,
      "p95": 0.708333,
      "min": 0.0625,
      "max": 0.948276
    },
    "modifier_density": {
      "n": 5000.0,
      "mean": 0.344887175,
      "std": 0.10435671,
      "p05": 0.166667,
      "median": 0.342857,
      "p95": 0.5161846,
      "min": 0.0,
      "max": 0.705882
    },
    "coordination_count": {
      "n": 5000.0,
      "mean": 1.7084,
      "std": 2.6291005,
      "p05": 0.0,
      "median": 0.0,
      "p95": 7.0,
      "min": 0.0,
      "max": 25.0
    },
    "passive_or_beishi_count": {
      "n": 5000.0,
      "mean": 0.5338,
      "std": 0.843360872,
      "p05": 0.0,
      "median": 0.0,
      "p95": 2.0,
      "min": 0.0,
      "max": 7.0
    },
    "sentence_compression_ratio": {
      "n": 5000.0,
      "mean": 8.99835,
      "std": 3.727312675,
      "p05": 3.5,
      "median": 8.75,
      "p95": 15.75,
      "min": 2.5,
      "max": 19.0
    },
    "token_count": {
      "n": 5000.0,
      "mean": 27.5232,
      "std": 10.421989338,
      "p05": 12.0,
      "median": 27.0,
      "p95": 46.0,
      "min": 6.0,
      "max": 56.0
    },
    "sentence_count": {
      "n": 5000.0,
      "mean": 1.01,
      "std": 0.101488916,
      "p05": 1.0,
      "median": 1.0,
      "p95": 1.0,
      "min": 1.0,
      "max": 3.0
    },
    "avg_sentence_length": {
      "n": 5000.0,
      "mean": 27.341866667,
      "std": 10.392676079,
      "p05": 12.0,
      "median": 26.0,
      "p95": 46.0,
      "min": 6.0,
      "max": 56.0
    }
  },
  "en": {
    "clause_count": {
      "n": 5000.0,
      "mean": 3.6276,
      "std": 2.17258331,
      "p05": 1.0,
      "median": 3.0,
      "p95": 8.0,
      "min": 1.0,
      "max": 22.0
    },
    "dependency_depth": {
      "n": 5000.0,
      "mean": 5.3778,
      "std": 1.810709021,
      "p05": 3.0,
      "median": 5.0,
      "p95": 9.0,
      "min": 2.0,
      "max": 15.0
    },
    "mean_dependency_distance": {
      "n": 5000.0,
      "mean": 3.455982286,
      "std": 0.665923259,
      "p05": 2.473684,
      "median": 3.40625,
      "p95": 4.60995,
      "min": 1.5,
      "max": 9.6
    },
    "max_dependency_distance": {
      "n": 5000.0,
      "mean": 22.0104,
      "std": 11.707053081,
      "p05": 7.0,
      "median": 20.0,
      "p95": 44.0,
      "min": 3.0,
      "max": 90.0
    },
    "normalized_dependency_distance": {
      "n": 5000.0,
      "mean": 0.135587402,
      "std": 0.050382734,
      "p05": 0.06915595,
      "median": 0.127224,
      "p95": 0.2308008,
      "min": 0.028115,
      "max": 0.45679
    },
    "nominalization_ratio": {
      "n": 5000.0,
      "mean": 0.610641863,
      "std": 0.1414014,
      "p05": 0.384615,
      "median": 0.609091,
      "p95": 0.8375,
      "min": 0.0,
      "max": 1.157143
    },
    "modifier_density": {
      "n": 5000.0,
      "mean": 0.493011777,
      "std": 0.117193527,
      "p05": 0.290323,
      "median": 0.5,
      "p95": 0.677419,
      "min": 0.052632,
      "max": 0.842105
    },
    "coordination_count": {
      "n": 5000.0,
      "mean": 2.5882,
      "std": 3.046148512,
      "p05": 0.0,
      "median": 3.0,
      "p95": 9.0,
      "min": 0.0,
      "max": 31.0
    },
    "passive_count": {
      "n": 5000.0,
      "mean": 0.7594,
      "std": 1.329327514,
      "p05": 0.0,
      "median": 0.0,
      "p95": 3.0,
      "min": 0.0,
      "max": 14.0
    },
    "sentence_compression_ratio": {
      "n": 5000.0,
      "mean": 3.600857142,
      "std": 1.63520432,
      "p05": 1.428571,
      "median": 3.285714,
      "p95": 6.571429,
      "min": 0.571429,
      "max": 11.142857
    },
    "token_count": {
      "n": 5000.0,
      "mean": 30.6698,
      "std": 13.734772221,
      "p05": 13.0,
      "median": 28.0,
      "p95": 57.0,
      "min": 8.0,
      "max": 116.0
    },
    "sentence_count": {
      "n": 5000.0,
      "mean": 1.0744,
      "std": 0.313152742,
      "p05": 1.0,
      "median": 1.0,
      "p95": 2.0,
      "min": 1.0,
      "max": 5.0
    },
    "avg_sentence_length": {
      "n": 5000.0,
      "mean": 29.137586667,
      "std": 12.565701166,
      "p05": 13.0,
      "median": 27.0,
      "p95": 52.0,
      "min": 6.5,
      "max": 112.0
    }
  }
}
